6720,-nan,-nan
6721,0.92,0
6722,0.888889,0
6723,0.666667,0
6724,0.8,0
6725,0.842105,0
6726,0.875,0
6727,0.8125,0
6728,0.891892,0
6729,0.833333,0.0909091
6730,0.8,0.047619
6731,0.833333,0
6732,0.8,0.047619
6733,0.848485,0
6734,0.8,0
6735,0.791667,0.05
6736,0.76,0.05
6737,0.741935,0
6738,0.742857,0.037037
6739,0.8125,0.037037
6740,0.8125,0
