8720,-nan,-nan
8721,-nan,-nan
8722,0.758621,0
8723,0.813953,0.0277778
8724,0.85,0
8725,0.842105,0
8726,0.862069,0
8727,0.777778,0
8728,0.75,0
8729,0.692308,0
8730,0.794118,0
8731,0.666667,0
8732,0.742857,0
8733,0.84,0
8734,0.777778,0
8735,0.75,0
8736,-nan,-nan
8737,-nan,-nan
8738,0.9375,0
8739,0.75,0.676923
8740,0.90625,0
