7600,-nan,-nan
7601,0.705882,0.0769231
7602,0.814815,0.0833333
7603,0.875,0.0344828
7604,0.863636,0.05
7605,0.76,0
7606,-nan,-nan
7607,0.736842,0
7608,0.90625,0
7609,0.771429,0
7610,0.807692,0
7611,0.823529,0.0344828
7612,0.714286,0
7613,0.821429,0
7614,0.888889,0
7615,0.837838,0.03125
7616,0.828571,0
7617,0.774194,0.04
7618,0.903226,0
7619,0.785714,0
7620,0.8,0
