6280,-nan,-nan
6281,0.852941,0
6282,0.769231,0.047619
6283,0.909091,0
6284,0.866667,0
6285,0.83871,0
6286,0.894737,0
6287,0.785714,0.0833333
6288,0.882353,0
6289,0.88,0.0434783
6290,0.869565,0
6291,-nan,-nan
6292,0.916667,0
6293,0.888889,0
6294,0.894737,0
6295,0.903226,0
6296,0.863636,0
6297,0.871795,0.0285714
6298,0.861111,0
6299,0.83871,0
6300,0.90625,0
