2740,-nan,-nan
2741,0.818182,0.0526316
2742,0.892857,0
2743,0.852941,0.0333333
2744,0.73913,0
2745,0.787879,0
2746,0.75,0
2747,0.833333,0
2748,0.815789,0.0882353
2749,0.5,0
2750,0.7,0
2751,0.862069,0
2752,0.827586,0.111111
2753,0.741935,0
2754,0.75,0
2755,0.785714,0
2756,0.775,0.0606061
2757,0.875,0.0344828
2758,0.724138,0.0454545
2759,0.785714,0.0434783
2760,0.8125,0
